ID,IndiceUV,Hora,Dia,DiaSemana
1,0,00:00,2024-06-03,Monday
2,0,01:00,2024-06-03,Monday
3,0,02:00,2024-06-03,Monday
4,0,03:00,2024-06-03,Monday
5,0,04:00,2024-06-03,Monday
6,0,05:00,2024-06-03,Monday
7,0,06:00,2024-06-03,Monday
8,0,07:00,2024-06-03,Monday
9,0,08:00,2024-06-03,Monday
10,2,09:00,2024-06-03,Monday
11,4,10:00,2024-06-03,Monday
12,6,11:00,2024-06-03,Monday
13,7,12:00,2024-06-03,Monday
14,6,13:00,2024-06-03,Monday
15,6,14:00,2024-06-03,Monday
16,3,15:00,2024-06-03,Monday
17,1,16:00,2024-06-03,Monday
18,0,17:00,2024-06-03,Monday
19,0,18:00,2024-06-03,Monday
20,0,19:00,2024-06-03,Monday
21,0,20:00,2024-06-03,Monday
22,0,21:00,2024-06-03,Monday
23,0,22:00,2024-06-03,Monday
24,0,23:00,2024-06-03,Monday
25,0,00:00,2024-06-04,Monday
26,0,01:00,2024-06-04,Monday
27,0,02:00,2024-06-04,Monday
28,0,03:00,2024-06-04,Monday
29,0,04:00,2024-06-04,Monday
30,0,05:00,2024-06-04,Monday
31,0,06:00,2024-06-04,Monday
32,0,07:00,2024-06-04,Monday
33,0,08:00,2024-06-04,Monday
34,2,09:00,2024-06-04,Monday
35,4,10:00,2024-06-04,Monday
36,6,11:00,2024-06-04,Monday
37,7,12:00,2024-06-04,Monday
38,7,13:00,2024-06-04,Monday
39,5,14:00,2024-06-04,Monday
40,3,15:00,2024-06-04,Monday
41,1,16:00,2024-06-04,Monday
42,0,17:00,2024-06-04,Monday
43,0,18:00,2024-06-04,Monday
44,0,19:00,2024-06-04,Monday
45,0,20:00,2024-06-04,Monday
46,0,21:00,2024-06-04,Monday
47,0,22:00,2024-06-04,Monday
48,0,23:00,2024-06-04,Monday
49,0,00:00,2024-06-05,Monday
50,0,01:00,2024-06-05,Monday
51,0,02:00,2024-06-05,Monday
52,0,03:00,2024-06-05,Monday
53,0,04:00,2024-06-05,Monday
54,0,05:00,2024-06-05,Monday
55,0,06:00,2024-06-05,Monday
56,0,07:00,2024-06-05,Monday
57,0,08:00,2024-06-05,Monday
58,2,09:00,2024-06-05,Monday
59,4,10:00,2024-06-05,Monday
60,6,11:00,2024-06-05,Monday
61,7,12:00,2024-06-05,Monday
62,7,13:00,2024-06-05,Monday
63,5,14:00,2024-06-05,Monday
64,3,15:00,2024-06-05,Monday
65,1,16:00,2024-06-05,Monday
66,0,17:00,2024-06-05,Monday
67,0,18:00,2024-06-05,Monday
68,0,19:00,2024-06-05,Monday
69,0,20:00,2024-06-05,Monday
70,0,21:00,2024-06-05,Monday
71,0,22:00,2024-06-05,Monday
72,0,23:00,2024-06-05,Monday
73,0,00:00,2024-06-06,Monday
74,0,01:00,2024-06-06,Monday
75,0,02:00,2024-06-06,Monday
76,0,03:00,2024-06-06,Monday
77,0,04:00,2024-06-06,Monday
78,0,05:00,2024-06-06,Monday
79,0,06:00,2024-06-06,Monday
80,0,07:00,2024-06-06,Monday
81,0,08:00,2024-06-06,Monday
82,2,09:00,2024-06-06,Monday
83,4,10:00,2024-06-06,Monday
84,6,11:00,2024-06-06,Monday
85,7,12:00,2024-06-06,Monday
86,7,13:00,2024-06-06,Monday
87,5,14:00,2024-06-06,Monday
88,3,15:00,2024-06-06,Monday
89,1,16:00,2024-06-06,Monday
90,0,17:00,2024-06-06,Monday
91,0,18:00,2024-06-06,Monday
92,0,19:00,2024-06-06,Monday
93,0,20:00,2024-06-06,Monday
94,0,21:00,2024-06-06,Monday
95,0,22:00,2024-06-06,Monday
96,0,23:00,2024-06-06,Monday
97,0,00:00,2024-06-07,Monday
98,0,01:00,2024-06-07,Monday
99,0,02:00,2024-06-07,Monday
100,0,03:00,2024-06-07,Monday
101,0,04:00,2024-06-07,Monday
102,0,05:00,2024-06-07,Monday
103,0,06:00,2024-06-07,Monday
104,0,07:00,2024-06-07,Monday
105,0,08:00,2024-06-07,Monday
106,2,09:00,2024-06-07,Monday
107,4,10:00,2024-06-07,Monday
108,6,11:00,2024-06-07,Monday
109,7,12:00,2024-06-07,Monday
110,7,13:00,2024-06-07,Monday
111,5,14:00,2024-06-07,Monday
112,3,15:00,2024-06-07,Monday
113,1,16:00,2024-06-07,Monday
114,0,17:00,2024-06-07,Monday
115,0,18:00,2024-06-07,Monday
116,0,19:00,2024-06-07,Monday
117,0,20:00,2024-06-07,Monday
118,0,21:00,2024-06-07,Monday
119,0,22:00,2024-06-07,Monday
120,0,23:00,2024-06-07,Monday
121,0,00:00,2024-06-08,Monday
122,0,01:00,2024-06-08,Monday
123,0,02:00,2024-06-08,Monday
124,0,03:00,2024-06-08,Monday
125,0,04:00,2024-06-08,Monday
126,0,05:00,2024-06-08,Monday
127,0,06:00,2024-06-08,Monday
128,0,07:00,2024-06-08,Monday
129,0,08:00,2024-06-08,Monday
130,2,09:00,2024-06-08,Monday
131,5,10:00,2024-06-08,Monday
132,6,11:00,2024-06-08,Monday
133,8,12:00,2024-06-08,Monday
134,8,13:00,2024-06-08,Monday
135,6,14:00,2024-06-08,Monday
136,3,15:00,2024-06-08,Monday
137,1,16:00,2024-06-08,Monday
138,0,17:00,2024-06-08,Monday
139,0,18:00,2024-06-08,Monday
140,0,19:00,2024-06-08,Monday
141,0,20:00,2024-06-08,Monday
142,0,21:00,2024-06-08,Monday
143,0,22:00,2024-06-08,Monday
144,0,23:00,2024-06-08,Monday
145,0,00:00,2024-06-09,Monday
146,0,01:00,2024-06-09,Monday
147,0,02:00,2024-06-09,Monday
148,0,03:00,2024-06-09,Monday
149,0,04:00,2024-06-09,Monday
150,0,05:00,2024-06-09,Monday
151,0,06:00,2024-06-09,Monday
152,0,07:00,2024-06-09,Monday
153,0,08:00,2024-06-09,Monday
154,2,09:00,2024-06-09,Monday
155,4,10:00,2024-06-09,Monday
156,6,11:00,2024-06-09,Monday
157,7,12:00,2024-06-09,Monday
158,7,13:00,2024-06-09,Monday
159,5,14:00,2024-06-09,Monday
160,3,15:00,2024-06-09,Monday
161,1,16:00,2024-06-09,Monday
162,0,17:00,2024-06-09,Monday
163,0,18:00,2024-06-09,Monday
164,0,19:00,2024-06-09,Monday
165,0,20:00,2024-06-09,Monday
166,0,21:00,2024-06-09,Monday
167,0,22:00,2024-06-09,Monday
168,0,23:00,2024-06-09,Monday
169,0,00:00,2024-06-10,Monday
170,0,01:00,2024-06-10,Monday
171,0,02:00,2024-06-10,Monday
172,0,03:00,2024-06-10,Monday
173,0,04:00,2024-06-10,Monday
174,0,05:00,2024-06-10,Monday
175,0,06:00,2024-06-10,Monday
176,0,07:00,2024-06-10,Monday
177,0,08:00,2024-06-10,Monday
178,2,09:00,2024-06-10,Monday
179,4,10:00,2024-06-10,Monday
180,6,11:00,2024-06-10,Monday
181,7,12:00,2024-06-10,Monday
182,7,13:00,2024-06-10,Monday
183,5,14:00,2024-06-10,Monday
184,3,15:00,2024-06-10,Monday
185,1,16:00,2024-06-10,Monday
186,0,17:00,2024-06-10,Monday
187,0,18:00,2024-06-10,Monday
188,0,19:00,2024-06-10,Monday
189,0,20:00,2024-06-10,Monday
190,0,21:00,2024-06-10,Monday
191,0,22:00,2024-06-10,Monday
192,0,23:00,2024-06-10,Monday
193,0,00:00,2024-06-11,Monday
194,0,01:00,2024-06-11,Monday
195,0,02:00,2024-06-11,Monday
196,0,03:00,2024-06-11,Monday
197,0,04:00,2024-06-11,Monday
198,0,05:00,2024-06-11,Monday
199,0,06:00,2024-06-11,Monday
200,0,07:00,2024-06-11,Monday
201,0,08:00,2024-06-11,Monday
202,2,09:00,2024-06-11,Monday
203,4,10:00,2024-06-11,Monday
204,6,11:00,2024-06-11,Monday
205,7,12:00,2024-06-11,Monday
206,7,13:00,2024-06-11,Monday
207,5,14:00,2024-06-11,Monday
208,3,15:00,2024-06-11,Monday
209,1,16:00,2024-06-11,Monday
210,0,17:00,2024-06-11,Monday
211,0,18:00,2024-06-11,Monday
212,0,19:00,2024-06-11,Monday
213,0,20:00,2024-06-11,Monday
214,0,21:00,2024-06-11,Monday
215,0,22:00,2024-06-11,Monday
216,0,23:00,2024-06-11,Monday
217,0,00:00,2024-06-12,Monday
218,0,01:00,2024-06-12,Monday
219,0,02:00,2024-06-12,Monday
220,0,03:00,2024-06-12,Monday
221,0,04:00,2024-06-12,Monday
222,0,05:00,2024-06-12,Monday
223,0,06:00,2024-06-12,Monday
224,0,07:00,2024-06-12,Monday
225,0,08:00,2024-06-12,Monday
226,2,09:00,2024-06-12,Monday
227,5,10:00,2024-06-12,Monday
228,6,11:00,2024-06-12,Monday
229,8,12:00,2024-06-12,Monday
230,8,13:00,2024-06-12,Monday
231,6,14:00,2024-06-12,Monday
232,3,15:00,2024-06-12,Monday
233,1,16:00,2024-06-12,Monday
234,0,17:00,2024-06-12,Monday
235,0,18:00,2024-06-12,Monday
236,0,19:00,2024-06-12,Monday
237,0,20:00,2024-06-12,Monday
238,0,21:00,2024-06-12,Monday
239,0,22:00,2024-06-12,Monday
240,0,23:00,2024-06-12,Monday
241,0,00:00,2024-06-13,Monday
242,0,01:00,2024-06-13,Monday
243,0,02:00,2024-06-13,Monday
244,0,03:00,2024-06-13,Monday
245,0,04:00,2024-06-13,Monday
246,0,05:00,2024-06-13,Monday
247,0,06:00,2024-06-13,Monday
248,0,07:00,2024-06-13,Monday
249,0,08:00,2024-06-13,Monday
250,2,09:00,2024-06-13,Monday
251,5,10:00,2024-06-13,Monday
252,6,11:00,2024-06-13,Monday
253,8,12:00,2024-06-13,Monday
254,8,13:00,2024-06-13,Monday
255,6,14:00,2024-06-13,Monday
256,3,15:00,2024-06-13,Monday
257,1,16:00,2024-06-13,Monday
258,0,17:00,2024-06-13,Monday
259,0,18:00,2024-06-13,Monday
260,0,19:00,2024-06-13,Monday
261,0,20:00,2024-06-13,Monday
262,0,21:00,2024-06-13,Monday
263,0,22:00,2024-06-13,Monday
264,0,23:00,2024-06-13,Monday
265,0,00:00,2024-06-14,Monday
266,0,01:00,2024-06-14,Monday
267,0,02:00,2024-06-14,Monday
268,0,03:00,2024-06-14,Monday
269,0,04:00,2024-06-14,Monday
270,0,05:00,2024-06-14,Monday
271,0,06:00,2024-06-14,Monday
272,0,07:00,2024-06-14,Monday
273,0,08:00,2024-06-14,Monday
274,2,09:00,2024-06-14,Monday
275,4,10:00,2024-06-14,Monday
276,6,11:00,2024-06-14,Monday
277,7,12:00,2024-06-14,Monday
278,6,13:00,2024-06-14,Monday
279,6,14:00,2024-06-14,Monday
280,3,15:00,2024-06-14,Monday
281,1,16:00,2024-06-14,Monday
282,0,17:00,2024-06-14,Monday
283,0,18:00,2024-06-14,Monday
284,0,19:00,2024-06-14,Monday
285,0,20:00,2024-06-14,Monday
286,0,21:00,2024-06-14,Monday
287,0,22:00,2024-06-14,Monday
288,0,23:00,2024-06-14,Monday
289,0,00:00,2024-06-15,Monday
290,0,01:00,2024-06-15,Monday
291,0,02:00,2024-06-15,Monday
292,0,03:00,2024-06-15,Monday
293,0,04:00,2024-06-15,Monday
294,0,05:00,2024-06-15,Monday
295,0,06:00,2024-06-15,Monday
296,0,07:00,2024-06-15,Monday
297,0,08:00,2024-06-15,Monday
298,2,09:00,2024-06-15,Monday
299,5,10:00,2024-06-15,Monday
300,6,11:00,2024-06-15,Monday
301,8,12:00,2024-06-15,Monday
302,8,13:00,2024-06-15,Monday
303,6,14:00,2024-06-15,Monday
304,3,15:00,2024-06-15,Monday
305,1,16:00,2024-06-15,Monday
306,0,17:00,2024-06-15,Monday
307,0,18:00,2024-06-15,Monday
308,0,19:00,2024-06-15,Monday
309,0,20:00,2024-06-15,Monday
310,0,21:00,2024-06-15,Monday
311,0,22:00,2024-06-15,Monday
312,0,23:00,2024-06-15,Monday
313,0,00:00,2024-06-16,Monday
314,0,01:00,2024-06-16,Monday
315,0,02:00,2024-06-16,Monday
316,0,03:00,2024-06-16,Monday
317,0,04:00,2024-06-16,Monday
318,0,05:00,2024-06-16,Monday
319,0,06:00,2024-06-16,Monday
320,0,07:00,2024-06-16,Monday
321,0,08:00,2024-06-16,Monday
322,2,09:00,2024-06-16,Monday
323,4,10:00,2024-06-16,Monday
324,6,11:00,2024-06-16,Monday
325,7,12:00,2024-06-16,Monday
326,7,13:00,2024-06-16,Monday
327,5,14:00,2024-06-16,Monday
328,3,15:00,2024-06-16,Monday
329,1,16:00,2024-06-16,Monday
330,0,17:00,2024-06-16,Monday
331,0,18:00,2024-06-16,Monday
332,0,19:00,2024-06-16,Monday
333,0,20:00,2024-06-16,Monday
334,0,21:00,2024-06-16,Monday
335,0,22:00,2024-06-16,Monday
336,0,23:00,2024-06-16,Monday
337,0,00:00,2024-06-17,Monday
338,0,01:00,2024-06-17,Monday
339,0,02:00,2024-06-17,Monday
340,0,03:00,2024-06-17,Monday
341,0,04:00,2024-06-17,Monday
342,0,05:00,2024-06-17,Monday
343,0,06:00,2024-06-17,Monday
344,0,07:00,2024-06-17,Monday
345,0,08:00,2024-06-17,Monday
346,2,09:00,2024-06-17,Monday
347,4,10:00,2024-06-17,Monday
348,6,11:00,2024-06-17,Monday
349,7,12:00,2024-06-17,Monday
350,7,13:00,2024-06-17,Monday
351,5,14:00,2024-06-17,Monday
352,3,15:00,2024-06-17,Monday
353,1,16:00,2024-06-17,Monday
354,0,17:00,2024-06-17,Monday
355,0,18:00,2024-06-17,Monday
356,0,19:00,2024-06-17,Monday
357,0,20:00,2024-06-17,Monday
358,0,21:00,2024-06-17,Monday
359,0,22:00,2024-06-17,Monday
360,0,23:00,2024-06-17,Monday
361,0,00:00,2024-06-18,Monday
362,0,01:00,2024-06-18,Monday
363,0,02:00,2024-06-18,Monday
364,0,03:00,2024-06-18,Monday
365,0,04:00,2024-06-18,Monday
366,0,05:00,2024-06-18,Monday
367,0,06:00,2024-06-18,Monday
368,0,07:00,2024-06-18,Monday
369,0,08:00,2024-06-18,Monday
370,2,09:00,2024-06-18,Monday
371,4,10:00,2024-06-18,Monday
372,6,11:00,2024-06-18,Monday
373,7,12:00,2024-06-18,Monday
374,6,13:00,2024-06-18,Monday
375,6,14:00,2024-06-18,Monday
376,3,15:00,2024-06-18,Monday
377,1,16:00,2024-06-18,Monday
378,0,17:00,2024-06-18,Monday
379,0,18:00,2024-06-18,Monday
380,0,19:00,2024-06-18,Monday
381,0,20:00,2024-06-18,Monday
382,0,21:00,2024-06-18,Monday
383,0,22:00,2024-06-18,Monday
384,0,23:00,2024-06-18,Monday
385,0,00:00,2024-06-19,Monday
386,0,01:00,2024-06-19,Monday
387,0,02:00,2024-06-19,Monday
388,0,03:00,2024-06-19,Monday
389,0,04:00,2024-06-19,Monday
390,0,05:00,2024-06-19,Monday
391,0,06:00,2024-06-19,Monday
392,0,07:00,2024-06-19,Monday
393,0,08:00,2024-06-19,Monday
394,2,09:00,2024-06-19,Monday
395,4,10:00,2024-06-19,Monday
396,6,11:00,2024-06-19,Monday
397,7,12:00,2024-06-19,Monday
398,7,13:00,2024-06-19,Monday
399,5,14:00,2024-06-19,Monday
400,3,15:00,2024-06-19,Monday
401,1,16:00,2024-06-19,Monday
402,0,17:00,2024-06-19,Monday
403,0,18:00,2024-06-19,Monday
404,0,19:00,2024-06-19,Monday
405,0,20:00,2024-06-19,Monday
406,0,21:00,2024-06-19,Monday
407,0,22:00,2024-06-19,Monday
408,0,23:00,2024-06-19,Monday
409,0,00:00,2024-06-20,Monday
410,0,01:00,2024-06-20,Monday
411,0,02:00,2024-06-20,Monday
412,0,03:00,2024-06-20,Monday
413,0,04:00,2024-06-20,Monday
414,0,05:00,2024-06-20,Monday
415,0,06:00,2024-06-20,Monday
416,0,07:00,2024-06-20,Monday
417,0,08:00,2024-06-20,Monday
418,2,09:00,2024-06-20,Monday
419,5,10:00,2024-06-20,Monday
420,6,11:00,2024-06-20,Monday
421,8,12:00,2024-06-20,Monday
422,8,13:00,2024-06-20,Monday
423,6,14:00,2024-06-20,Monday
424,3,15:00,2024-06-20,Monday
425,1,16:00,2024-06-20,Monday
426,0,17:00,2024-06-20,Monday
427,0,18:00,2024-06-20,Monday
428,0,19:00,2024-06-20,Monday
429,0,20:00,2024-06-20,Monday
430,0,21:00,2024-06-20,Monday
431,0,22:00,2024-06-20,Monday
432,0,23:00,2024-06-20,Monday
433,0,00:00,2024-06-21,Monday
434,0,01:00,2024-06-21,Monday
435,0,02:00,2024-06-21,Monday
436,0,03:00,2024-06-21,Monday
437,0,04:00,2024-06-21,Monday
438,0,05:00,2024-06-21,Monday
439,0,06:00,2024-06-21,Monday
440,0,07:00,2024-06-21,Monday
441,0,08:00,2024-06-21,Monday
442,2,09:00,2024-06-21,Monday
443,5,10:00,2024-06-21,Monday
444,6,11:00,2024-06-21,Monday
445,8,12:00,2024-06-21,Monday
446,8,13:00,2024-06-21,Monday
447,6,14:00,2024-06-21,Monday
448,3,15:00,2024-06-21,Monday
449,1,16:00,2024-06-21,Monday
450,0,17:00,2024-06-21,Monday
451,0,18:00,2024-06-21,Monday
452,0,19:00,2024-06-21,Monday
453,0,20:00,2024-06-21,Monday
454,0,21:00,2024-06-21,Monday
455,0,22:00,2024-06-21,Monday
456,0,23:00,2024-06-21,Monday
457,0,00:00,2024-06-22,Monday
458,0,01:00,2024-06-22,Monday
459,0,02:00,2024-06-22,Monday
460,0,03:00,2024-06-22,Monday
461,0,04:00,2024-06-22,Monday
462,0,05:00,2024-06-22,Monday
463,0,06:00,2024-06-22,Monday
464,0,07:00,2024-06-22,Monday
465,0,08:00,2024-06-22,Monday
466,2,09:00,2024-06-22,Monday
467,5,10:00,2024-06-22,Monday
468,6,11:00,2024-06-22,Monday
469,8,12:00,2024-06-22,Monday
470,8,13:00,2024-06-22,Monday
471,6,14:00,2024-06-22,Monday
472,3,15:00,2024-06-22,Monday
473,1,16:00,2024-06-22,Monday
474,0,17:00,2024-06-22,Monday
475,0,18:00,2024-06-22,Monday
476,0,19:00,2024-06-22,Monday
477,0,20:00,2024-06-22,Monday
478,0,21:00,2024-06-22,Monday
479,0,22:00,2024-06-22,Monday
480,0,23:00,2024-06-22,Monday
481,0,00:00,2024-06-23,Monday
482,0,01:00,2024-06-23,Monday
483,0,02:00,2024-06-23,Monday
484,0,03:00,2024-06-23,Monday
485,0,04:00,2024-06-23,Monday
486,0,05:00,2024-06-23,Monday
487,0,06:00,2024-06-23,Monday
488,0,07:00,2024-06-23,Monday
489,0,08:00,2024-06-23,Monday
490,2,09:00,2024-06-23,Monday
491,5,10:00,2024-06-23,Monday
492,6,11:00,2024-06-23,Monday
493,8,12:00,2024-06-23,Monday
494,8,13:00,2024-06-23,Monday
495,6,14:00,2024-06-23,Monday
496,3,15:00,2024-06-23,Monday
497,1,16:00,2024-06-23,Monday
498,0,17:00,2024-06-23,Monday
499,0,18:00,2024-06-23,Monday
500,0,19:00,2024-06-23,Monday
501,0,20:00,2024-06-23,Monday
502,0,21:00,2024-06-23,Monday
503,0,22:00,2024-06-23,Monday
504,0,23:00,2024-06-23,Monday
505,0,00:00,2024-06-24,Monday
506,0,01:00,2024-06-24,Monday
507,0,02:00,2024-06-24,Monday
508,0,03:00,2024-06-24,Monday
509,0,04:00,2024-06-24,Monday
510,0,05:00,2024-06-24,Monday
511,0,06:00,2024-06-24,Monday
512,0,07:00,2024-06-24,Monday
513,0,08:00,2024-06-24,Monday
514,2,09:00,2024-06-24,Monday
515,4,10:00,2024-06-24,Monday
516,6,11:00,2024-06-24,Monday
517,7,12:00,2024-06-24,Monday
518,6,13:00,2024-06-24,Monday
519,6,14:00,2024-06-24,Monday
520,3,15:00,2024-06-24,Monday
521,1,16:00,2024-06-24,Monday
522,0,17:00,2024-06-24,Monday
523,0,18:00,2024-06-24,Monday
524,0,19:00,2024-06-24,Monday
525,0,20:00,2024-06-24,Monday
526,0,21:00,2024-06-24,Monday
527,0,22:00,2024-06-24,Monday
528,0,23:00,2024-06-24,Monday
529,0,00:00,2024-06-25,Monday
530,0,01:00,2024-06-25,Monday
531,0,02:00,2024-06-25,Monday
532,0,03:00,2024-06-25,Monday
533,0,04:00,2024-06-25,Monday
534,0,05:00,2024-06-25,Monday
535,0,06:00,2024-06-25,Monday
536,0,07:00,2024-06-25,Monday
537,0,08:00,2024-06-25,Monday
538,2,09:00,2024-06-25,Monday
539,5,10:00,2024-06-25,Monday
540,6,11:00,2024-06-25,Monday
541,8,12:00,2024-06-25,Monday
542,8,13:00,2024-06-25,Monday
543,6,14:00,2024-06-25,Monday
544,3,15:00,2024-06-25,Monday
545,1,16:00,2024-06-25,Monday
546,0,17:00,2024-06-25,Monday
547,0,18:00,2024-06-25,Monday
548,0,19:00,2024-06-25,Monday
549,0,20:00,2024-06-25,Monday
550,0,21:00,2024-06-25,Monday
551,0,22:00,2024-06-25,Monday
552,0,23:00,2024-06-25,Monday
553,0,00:00,2024-06-26,Monday
554,0,01:00,2024-06-26,Monday
555,0,02:00,2024-06-26,Monday
556,0,03:00,2024-06-26,Monday
557,0,04:00,2024-06-26,Monday
558,0,05:00,2024-06-26,Monday
559,0,06:00,2024-06-26,Monday
560,0,07:00,2024-06-26,Monday
561,0,08:00,2024-06-26,Monday
562,2,09:00,2024-06-26,Monday
563,4,10:00,2024-06-26,Monday
564,6,11:00,2024-06-26,Monday
565,7,12:00,2024-06-26,Monday
566,7,13:00,2024-06-26,Monday
567,5,14:00,2024-06-26,Monday
568,3,15:00,2024-06-26,Monday
569,1,16:00,2024-06-26,Monday
570,0,17:00,2024-06-26,Monday
571,0,18:00,2024-06-26,Monday
572,0,19:00,2024-06-26,Monday
573,0,20:00,2024-06-26,Monday
574,0,21:00,2024-06-26,Monday
575,0,22:00,2024-06-26,Monday
576,0,23:00,2024-06-26,Monday
577,0,00:00,2024-06-27,Monday
578,0,01:00,2024-06-27,Monday
579,0,02:00,2024-06-27,Monday
580,0,03:00,2024-06-27,Monday
581,0,04:00,2024-06-27,Monday
582,0,05:00,2024-06-27,Monday
583,0,06:00,2024-06-27,Monday
584,0,07:00,2024-06-27,Monday
585,0,08:00,2024-06-27,Monday
586,2,09:00,2024-06-27,Monday
587,4,10:00,2024-06-27,Monday
588,6,11:00,2024-06-27,Monday
589,7,12:00,2024-06-27,Monday
590,6,13:00,2024-06-27,Monday
591,6,14:00,2024-06-27,Monday
592,3,15:00,2024-06-27,Monday
593,1,16:00,2024-06-27,Monday
594,0,17:00,2024-06-27,Monday
595,0,18:00,2024-06-27,Monday
596,0,19:00,2024-06-27,Monday
597,0,20:00,2024-06-27,Monday
598,0,21:00,2024-06-27,Monday
599,0,22:00,2024-06-27,Monday
600,0,23:00,2024-06-27,Monday
601,0,00:00,2024-06-28,Monday
602,0,01:00,2024-06-28,Monday
603,0,02:00,2024-06-28,Monday
604,0,03:00,2024-06-28,Monday
605,0,04:00,2024-06-28,Monday
606,0,05:00,2024-06-28,Monday
607,0,06:00,2024-06-28,Monday
608,0,07:00,2024-06-28,Monday
609,0,08:00,2024-06-28,Monday
610,2,09:00,2024-06-28,Monday
611,5,10:00,2024-06-28,Monday
612,6,11:00,2024-06-28,Monday
613,8,12:00,2024-06-28,Monday
614,8,13:00,2024-06-28,Monday
615,6,14:00,2024-06-28,Monday
616,3,15:00,2024-06-28,Monday
617,1,16:00,2024-06-28,Monday
618,0,17:00,2024-06-28,Monday
619,0,18:00,2024-06-28,Monday
620,0,19:00,2024-06-28,Monday
621,0,20:00,2024-06-28,Monday
622,0,21:00,2024-06-28,Monday
623,0,22:00,2024-06-28,Monday
624,0,23:00,2024-06-28,Monday
625,0,00:00,2024-06-29,Monday
626,0,01:00,2024-06-29,Monday
627,0,02:00,2024-06-29,Monday
628,0,03:00,2024-06-29,Monday
629,0,04:00,2024-06-29,Monday
630,0,05:00,2024-06-29,Monday
631,0,06:00,2024-06-29,Monday
632,0,07:00,2024-06-29,Monday
633,0,08:00,2024-06-29,Monday
634,2,09:00,2024-06-29,Monday
635,4,10:00,2024-06-29,Monday
636,6,11:00,2024-06-29,Monday
637,7,12:00,2024-06-29,Monday
638,6,13:00,2024-06-29,Monday
639,6,14:00,2024-06-29,Monday
640,3,15:00,2024-06-29,Monday
641,1,16:00,2024-06-29,Monday
642,0,17:00,2024-06-29,Monday
643,0,18:00,2024-06-29,Monday
644,0,19:00,2024-06-29,Monday
645,0,20:00,2024-06-29,Monday
646,0,21:00,2024-06-29,Monday
647,0,22:00,2024-06-29,Monday
648,0,23:00,2024-06-29,Monday
649,0,00:00,2024-06-30,Monday
650,0,01:00,2024-06-30,Monday
651,0,02:00,2024-06-30,Monday
652,0,03:00,2024-06-30,Monday
653,0,04:00,2024-06-30,Monday
654,0,05:00,2024-06-30,Monday
655,0,06:00,2024-06-30,Monday
656,0,07:00,2024-06-30,Monday
657,0,08:00,2024-06-30,Monday
658,2,09:00,2024-06-30,Monday
659,5,10:00,2024-06-30,Monday
660,6,11:00,2024-06-30,Monday
661,8,12:00,2024-06-30,Monday
662,8,13:00,2024-06-30,Monday
663,6,14:00,2024-06-30,Monday
664,3,15:00,2024-06-30,Monday
665,1,16:00,2024-06-30,Monday
666,0,17:00,2024-06-30,Monday
667,0,18:00,2024-06-30,Monday
668,0,19:00,2024-06-30,Monday
669,0,20:00,2024-06-30,Monday
670,0,21:00,2024-06-30,Monday
671,0,22:00,2024-06-30,Monday
672,0,23:00,2024-06-30,Monday
673,0,00:00,2024-07-01,Monday
674,0,01:00,2024-07-01,Monday
675,0,02:00,2024-07-01,Monday
676,0,03:00,2024-07-01,Monday
677,0,04:00,2024-07-01,Monday
678,0,05:00,2024-07-01,Monday
679,0,06:00,2024-07-01,Monday
680,0,07:00,2024-07-01,Monday
681,0,08:00,2024-07-01,Monday
682,2,09:00,2024-07-01,Monday
683,4,10:00,2024-07-01,Monday
684,6,11:00,2024-07-01,Monday
685,7,12:00,2024-07-01,Monday
686,7,13:00,2024-07-01,Monday
687,5,14:00,2024-07-01,Monday
688,3,15:00,2024-07-01,Monday
689,1,16:00,2024-07-01,Monday
690,0,17:00,2024-07-01,Monday
691,0,18:00,2024-07-01,Monday
692,0,19:00,2024-07-01,Monday
693,0,20:00,2024-07-01,Monday
694,0,21:00,2024-07-01,Monday
695,0,22:00,2024-07-01,Monday
696,0,23:00,2024-07-01,Monday
697,0,00:00,2024-07-02,Monday
698,0,01:00,2024-07-02,Monday
699,0,02:00,2024-07-02,Monday
700,0,03:00,2024-07-02,Monday
701,0,04:00,2024-07-02,Monday
702,0,05:00,2024-07-02,Monday
703,0,06:00,2024-07-02,Monday
704,0,07:00,2024-07-02,Monday
705,0,08:00,2024-07-02,Monday
706,2,09:00,2024-07-02,Monday
707,4,10:00,2024-07-02,Monday
708,6,11:00,2024-07-02,Monday
709,7,12:00,2024-07-02,Monday
710,7,13:00,2024-07-02,Monday
711,5,14:00,2024-07-02,Monday
712,3,15:00,2024-07-02,Monday
713,1,16:00,2024-07-02,Monday
714,0,17:00,2024-07-02,Monday
715,0,18:00,2024-07-02,Monday
716,0,19:00,2024-07-02,Monday
717,0,20:00,2024-07-02,Monday
718,0,21:00,2024-07-02,Monday
719,0,22:00,2024-07-02,Monday
720,0,23:00,2024-07-02,Monday
721,0,00:00,2024-07-03,Monday
722,0,01:00,2024-07-03,Monday
723,0,02:00,2024-07-03,Monday
724,0,03:00,2024-07-03,Monday
725,0,04:00,2024-07-03,Monday
726,0,05:00,2024-07-03,Monday
727,0,06:00,2024-07-03,Monday
728,0,07:00,2024-07-03,Monday
729,0,08:00,2024-07-03,Monday
730,2,09:00,2024-07-03,Monday
731,4,10:00,2024-07-03,Monday
732,6,11:00,2024-07-03,Monday
733,7,12:00,2024-07-03,Monday
734,6,13:00,2024-07-03,Monday
735,6,14:00,2024-07-03,Monday
736,3,15:00,2024-07-03,Monday
737,1,16:00,2024-07-03,Monday
738,0,17:00,2024-07-03,Monday
739,0,18:00,2024-07-03,Monday
740,0,19:00,2024-07-03,Monday
741,0,20:00,2024-07-03,Monday
742,0,21:00,2024-07-03,Monday
743,0,22:00,2024-07-03,Monday
744,0,23:00,2024-07-03,Monday
745,0,00:00,2024-07-04,Monday
746,0,01:00,2024-07-04,Monday
747,0,02:00,2024-07-04,Monday
748,0,03:00,2024-07-04,Monday
749,0,04:00,2024-07-04,Monday
750,0,05:00,2024-07-04,Monday
751,0,06:00,2024-07-04,Monday
752,0,07:00,2024-07-04,Monday
753,0,08:00,2024-07-04,Monday
754,2,09:00,2024-07-04,Monday
755,4,10:00,2024-07-04,Monday
756,6,11:00,2024-07-04,Monday
757,7,12:00,2024-07-04,Monday
758,6,13:00,2024-07-04,Monday
759,6,14:00,2024-07-04,Monday
760,3,15:00,2024-07-04,Monday
761,1,16:00,2024-07-04,Monday
762,0,17:00,2024-07-04,Monday
763,0,18:00,2024-07-04,Monday
764,0,19:00,2024-07-04,Monday
765,0,20:00,2024-07-04,Monday
766,0,21:00,2024-07-04,Monday
767,0,22:00,2024-07-04,Monday
768,0,23:00,2024-07-04,Monday
769,0,00:00,2024-07-05,Monday
770,0,01:00,2024-07-05,Monday
771,0,02:00,2024-07-05,Monday
772,0,03:00,2024-07-05,Monday
773,0,04:00,2024-07-05,Monday
774,0,05:00,2024-07-05,Monday
775,0,06:00,2024-07-05,Monday
776,0,07:00,2024-07-05,Monday
777,0,08:00,2024-07-05,Monday
778,2,09:00,2024-07-05,Monday
779,4,10:00,2024-07-05,Monday
780,6,11:00,2024-07-05,Monday
781,7,12:00,2024-07-05,Monday
782,7,13:00,2024-07-05,Monday
783,5,14:00,2024-07-05,Monday
784,3,15:00,2024-07-05,Monday
785,1,16:00,2024-07-05,Monday
786,0,17:00,2024-07-05,Monday
787,0,18:00,2024-07-05,Monday
788,0,19:00,2024-07-05,Monday
789,0,20:00,2024-07-05,Monday
790,0,21:00,2024-07-05,Monday
791,0,22:00,2024-07-05,Monday
792,0,23:00,2024-07-05,Monday
793,0,00:00,2024-07-06,Monday
794,0,01:00,2024-07-06,Monday
795,0,02:00,2024-07-06,Monday
796,0,03:00,2024-07-06,Monday
797,0,04:00,2024-07-06,Monday
798,0,05:00,2024-07-06,Monday
799,0,06:00,2024-07-06,Monday
800,0,07:00,2024-07-06,Monday
801,0,08:00,2024-07-06,Monday
802,2,09:00,2024-07-06,Monday
803,4,10:00,2024-07-06,Monday
804,6,11:00,2024-07-06,Monday
805,7,12:00,2024-07-06,Monday
806,7,13:00,2024-07-06,Monday
807,5,14:00,2024-07-06,Monday
808,3,15:00,2024-07-06,Monday
809,1,16:00,2024-07-06,Monday
810,0,17:00,2024-07-06,Monday
811,0,18:00,2024-07-06,Monday
812,0,19:00,2024-07-06,Monday
813,0,20:00,2024-07-06,Monday
814,0,21:00,2024-07-06,Monday
815,0,22:00,2024-07-06,Monday
816,0,23:00,2024-07-06,Monday
817,0,00:00,2024-07-07,Monday
818,0,01:00,2024-07-07,Monday
819,0,02:00,2024-07-07,Monday
820,0,03:00,2024-07-07,Monday
821,0,04:00,2024-07-07,Monday
822,0,05:00,2024-07-07,Monday
823,0,06:00,2024-07-07,Monday
824,0,07:00,2024-07-07,Monday
825,0,08:00,2024-07-07,Monday
826,2,09:00,2024-07-07,Monday
827,4,10:00,2024-07-07,Monday
828,6,11:00,2024-07-07,Monday
829,7,12:00,2024-07-07,Monday
830,6,13:00,2024-07-07,Monday
831,6,14:00,2024-07-07,Monday
832,3,15:00,2024-07-07,Monday
833,1,16:00,2024-07-07,Monday
834,0,17:00,2024-07-07,Monday
835,0,18:00,2024-07-07,Monday
836,0,19:00,2024-07-07,Monday
837,0,20:00,2024-07-07,Monday
838,0,21:00,2024-07-07,Monday
839,0,22:00,2024-07-07,Monday
840,0,23:00,2024-07-07,Monday
841,0,00:00,2024-07-08,Monday
842,0,01:00,2024-07-08,Monday
843,0,02:00,2024-07-08,Monday
844,0,03:00,2024-07-08,Monday
845,0,04:00,2024-07-08,Monday
846,0,05:00,2024-07-08,Monday
847,0,06:00,2024-07-08,Monday
848,0,07:00,2024-07-08,Monday
849,0,08:00,2024-07-08,Monday
850,2,09:00,2024-07-08,Monday
851,4,10:00,2024-07-08,Monday
852,6,11:00,2024-07-08,Monday
853,7,12:00,2024-07-08,Monday
854,6,13:00,2024-07-08,Monday
855,6,14:00,2024-07-08,Monday
856,3,15:00,2024-07-08,Monday
857,1,16:00,2024-07-08,Monday
858,0,17:00,2024-07-08,Monday
859,0,18:00,2024-07-08,Monday
860,0,19:00,2024-07-08,Monday
861,0,20:00,2024-07-08,Monday
862,0,21:00,2024-07-08,Monday
863,0,22:00,2024-07-08,Monday
864,0,23:00,2024-07-08,Monday
865,0,00:00,2024-07-09,Monday
866,0,01:00,2024-07-09,Monday
867,0,02:00,2024-07-09,Monday
868,0,03:00,2024-07-09,Monday
869,0,04:00,2024-07-09,Monday
870,0,05:00,2024-07-09,Monday
871,0,06:00,2024-07-09,Monday
872,0,07:00,2024-07-09,Monday
873,0,08:00,2024-07-09,Monday
874,2,09:00,2024-07-09,Monday
875,4,10:00,2024-07-09,Monday
876,6,11:00,2024-07-09,Monday
877,7,12:00,2024-07-09,Monday
878,7,13:00,2024-07-09,Monday
879,5,14:00,2024-07-09,Monday
880,3,15:00,2024-07-09,Monday
881,1,16:00,2024-07-09,Monday
882,0,17:00,2024-07-09,Monday
883,0,18:00,2024-07-09,Monday
884,0,19:00,2024-07-09,Monday
885,0,20:00,2024-07-09,Monday
886,0,21:00,2024-07-09,Monday
887,0,22:00,2024-07-09,Monday
888,0,23:00,2024-07-09,Monday
889,0,00:00,2024-07-10,Monday
890,0,01:00,2024-07-10,Monday
891,0,02:00,2024-07-10,Monday
892,0,03:00,2024-07-10,Monday
893,0,04:00,2024-07-10,Monday
894,0,05:00,2024-07-10,Monday
895,0,06:00,2024-07-10,Monday
896,0,07:00,2024-07-10,Monday
897,0,08:00,2024-07-10,Monday
898,2,09:00,2024-07-10,Monday
899,5,10:00,2024-07-10,Monday
900,6,11:00,2024-07-10,Monday
901,8,12:00,2024-07-10,Monday
902,8,13:00,2024-07-10,Monday
903,6,14:00,2024-07-10,Monday
904,3,15:00,2024-07-10,Monday
905,1,16:00,2024-07-10,Monday
906,0,17:00,2024-07-10,Monday
907,0,18:00,2024-07-10,Monday
908,0,19:00,2024-07-10,Monday
909,0,20:00,2024-07-10,Monday
910,0,21:00,2024-07-10,Monday
911,0,22:00,2024-07-10,Monday
912,0,23:00,2024-07-10,Monday
913,0,00:00,2024-07-11,Monday
914,0,01:00,2024-07-11,Monday
915,0,02:00,2024-07-11,Monday
916,0,03:00,2024-07-11,Monday
917,0,04:00,2024-07-11,Monday
918,0,05:00,2024-07-11,Monday
919,0,06:00,2024-07-11,Monday
920,0,07:00,2024-07-11,Monday
921,0,08:00,2024-07-11,Monday
922,2,09:00,2024-07-11,Monday
923,4,10:00,2024-07-11,Monday
924,6,11:00,2024-07-11,Monday
925,7,12:00,2024-07-11,Monday
926,6,13:00,2024-07-11,Monday
927,6,14:00,2024-07-11,Monday
928,3,15:00,2024-07-11,Monday
929,1,16:00,2024-07-11,Monday
930,0,17:00,2024-07-11,Monday
931,0,18:00,2024-07-11,Monday
932,0,19:00,2024-07-11,Monday
933,0,20:00,2024-07-11,Monday
934,0,21:00,2024-07-11,Monday
935,0,22:00,2024-07-11,Monday
936,0,23:00,2024-07-11,Monday
937,0,00:00,2024-07-12,Monday
938,0,01:00,2024-07-12,Monday
939,0,02:00,2024-07-12,Monday
940,0,03:00,2024-07-12,Monday
941,0,04:00,2024-07-12,Monday
942,0,05:00,2024-07-12,Monday
943,0,06:00,2024-07-12,Monday
944,0,07:00,2024-07-12,Monday
945,0,08:00,2024-07-12,Monday
946,2,09:00,2024-07-12,Monday
947,5,10:00,2024-07-12,Monday
948,6,11:00,2024-07-12,Monday
949,8,12:00,2024-07-12,Monday
950,8,13:00,2024-07-12,Monday
951,6,14:00,2024-07-12,Monday
952,3,15:00,2024-07-12,Monday
953,1,16:00,2024-07-12,Monday
954,0,17:00,2024-07-12,Monday
955,0,18:00,2024-07-12,Monday
956,0,19:00,2024-07-12,Monday
957,0,20:00,2024-07-12,Monday
958,0,21:00,2024-07-12,Monday
959,0,22:00,2024-07-12,Monday
960,0,23:00,2024-07-12,Monday
